,Datetime,SA DPT,SA Temp,RA DPT,SA %RH,RA Temp,RA Humidity,Unit Status
0,2022-05-01 00:31:52,16.2,33.4,16.2,35.9,31.5,40.3,0
1,2022-05-01 00:31:52,16.1,33.3,16.1,36.4,31.0,41.2,0
2,2022-05-01 00:31:52,16.4,33.1,16.2,36.7,31.1,40.7,0
3,2022-05-01 00:48:33,16.3,33.0,15.9,36.9,30.8,41.3,0
4,2022-05-01 00:48:33,16.1,32.8,15.9,37.3,30.8,41.4,0
5,2022-05-01 00:48:33,16.0,32.7,15.8,37.6,30.7,41.5,0
6,2022-05-01 01:18:33,16.3,32.5,16.0,37.8,30.4,41.9,0
7,2022-05-01 01:18:33,16.2,32.4,15.7,37.9,30.5,41.6,0
8,2022-05-01 01:18:33,16.0,32.2,15.8,38.2,30.2,42.4,0
9,2022-05-01 01:33:16,15.9,32.1,15.8,38.5,30.2,42.2,0
10,2022-05-01 01:33:16,16.1,31.9,16.1,38.8,30.1,42.9,0
11,2022-05-01 01:33:16,16.0,31.8,16.1,39.2,30.1,43.2,0
12,2022-05-01 01:48:17,15.9,31.6,15.9,39.5,29.9,43.5,0
13,2022-05-01 01:48:17,16.2,31.5,16.1,39.9,29.7,44.2,0
14,2022-05-01 01:48:17,16.1,31.4,16.1,40.2,29.8,44.1,0
15,2022-05-01 02:03:29,15.9,31.2,16.1,40.6,29.3,45.3,0
16,2022-05-01 02:03:29,16.2,31.1,16.5,41.1,29.4,45.7,0
17,2022-05-01 02:03:29,16.1,31.0,16.6,41.6,29.1,46.8,0
18,2022-05-01 02:19:12,16.3,30.8,16.6,42.2,28.8,47.8,0
19,2022-05-01 02:19:12,16.6,30.7,16.9,42.7,29.1,47.8,0
20,2022-05-01 02:19:12,16.5,30.6,16.9,43.4,29.1,48.1,0
21,2022-05-01 02:33:01,16.5,30.6,16.7,43.6,29.6,46.4,0
22,2022-05-01 02:33:01,16.5,30.6,16.5,43.6,30.2,44.4,0
23,2022-05-01 02:33:01,16.5,30.6,16.4,43.2,30.9,42.3,0
24,2022-05-01 02:50:31,16.2,30.7,16.1,42.5,31.9,39.6,0
25,2022-05-01 02:50:31,15.8,30.7,16.1,41.6,32.8,37.5,0
26,2022-05-01 02:50:31,15.9,30.8,16.4,41.0,33.6,36.2,0
27,2022-05-01 03:07:17,15.7,31.0,16.7,40.6,34.5,35.1,0
28,2022-05-01 03:07:17,15.9,31.2,16.7,40.2,35.5,33.3,0
29,2022-05-01 03:07:17,15.7,31.4,16.8,39.4,36.2,31.7,0
30,2022-05-01 03:22:35,15.9,31.6,16.4,38.8,36.9,30.5,0
31,2022-05-01 03:22:35,15.6,31.8,16.9,38.3,37.5,29.8,0
32,2022-05-01 03:22:35,15.8,32.0,17.0,37.9,38.2,28.9,0
33,2022-05-01 03:39:25,15.7,32.3,16.8,37.4,38.7,28.1,0
34,2022-05-01 03:39:25,15.8,32.5,16.8,36.9,39.3,27.5,0
35,2022-05-01 03:39:25,15.6,32.7,16.6,36.2,39.8,26.3,0
36,2022-05-01 03:55:18,15.4,33.0,17.1,35.5,40.4,25.9,0
37,2022-05-01 03:55:18,15.6,33.2,17.0,35.1,41.0,25.5,0
38,2022-05-01 03:55:18,15.8,33.5,17.4,34.7,41.5,24.9,0
39,2022-05-01 04:12:06,15.6,33.7,17.2,34.0,42.0,23.8,0
40,2022-05-01 04:12:06,14.9,34.0,16.1,32.5,42.4,22.6,0
41,2022-05-01 04:12:06,14.6,34.3,15.7,31.0,42.7,21.6,0
42,2022-05-01 04:25:49,14.3,34.5,16.6,30.1,42.9,21.7,0
43,2022-05-01 04:25:49,14.0,34.8,15.9,29.4,43.0,21.1,0
44,2022-05-01 04:25:49,13.7,35.0,15.2,28.5,43.0,20.6,0
45,2022-05-01 04:41:24,13.8,35.2,15.8,28.1,42.9,21.1,0
46,2022-05-01 04:41:24,14.0,35.4,15.8,27.7,42.8,20.8,0
47,2022-05-01 04:41:24,14.2,35.6,15.5,27.7,42.5,21.6,0
48,2022-05-01 04:41:24,14.3,35.7,16.0,28.0,42.2,22.3,0
49,2022-05-01 04:56:47,14.3,35.8,16.3,28.6,41.8,23.4,0
50,2022-05-01 04:56:47,15.0,35.9,16.5,29.2,41.2,24.2,0
51,2022-05-01 04:56:47,15.0,35.9,16.1,29.1,40.7,24.1,0
52,2022-05-01 05:11:59,15.0,35.9,15.6,28.7,40.1,24.3,0
53,2022-05-01 05:11:59,14.4,35.9,15.5,28.1,39.2,24.7,0
54,2022-05-01 05:11:59,14.4,35.9,15.4,27.9,38.4,25.7,0
55,2022-05-01 05:27:13,14.3,35.8,15.2,28.1,37.5,26.7,0
56,2022-05-01 05:27:13,14.3,35.7,14.6,28.3,36.8,27.1,0
57,2022-05-01 05:27:13,14.2,35.6,14.1,28.4,36.2,27.2,0
58,2022-05-01 05:46:58,14.1,35.5,14.3,28.5,35.7,28.0,0
59,2022-05-01 05:46:58,14.6,35.4,15.0,28.9,35.3,29.8,0
60,2022-05-01 05:46:58,15.0,35.3,16.1,29.8,34.9,33.6,0
61,2022-05-01 06:02:31,15.9,35.2,17.3,32.0,34.6,36.6,0
62,2022-05-01 06:02:31,16.8,35.1,18.2,34.4,34.2,39.0,0
63,2022-05-01 06:02:31,17.6,35.0,18.3,35.7,33.9,40.6,0
64,2022-05-01 06:02:31,17.9,34.8,18.8,36.7,33.6,42.5,0
65,2022-05-01 06:02:31,18.2,34.7,19.0,37.7,33.4,43.3,0
66,2022-05-01 06:02:31,18.0,34.5,18.8,38.2,33.1,43.4,0
67,2022-05-01 06:20:09,18.4,34.4,19.3,38.7,32.9,44.8,0
68,2022-05-01 06:20:09,18.2,34.2,19.3,39.6,32.5,46.2,0
69,2022-05-01 06:20:09,18.5,34.1,19.2,40.5,32.4,46.2,0
0,2022-05-02 00:01:36,18.7,33.9,19.0,41.1,32.2,46.3,0
1,2022-05-02 00:17:52,18.9,33.7,19.2,41.7,32.0,47.4,0
2,2022-05-02 00:36:07,18.8,33.6,19.3,42.3,31.7,47.8,0
3,2022-05-02 00:52:00,19.0,33.4,19.2,42.9,31.6,48.2,0
4,2022-05-02 01:08:57,18.9,33.2,19.1,43.3,31.2,48.7,0
5,2022-05-02 01:26:47,19.1,33.1,19.1,43.7,31.2,48.7,0
6,2022-05-02 01:41:48,18.9,32.9,18.9,43.9,30.9,48.8,0
7,2022-05-02 01:57:57,18.8,32.7,18.5,44.0,30.9,48.3,0
8,2022-05-02 02:18:39,18.7,32.6,18.3,44.0,30.6,48.6,0
9,2022-05-02 02:34:04,18.5,32.4,18.3,44.2,30.6,48.6,0
10,2022-05-02 02:48:59,18.4,32.3,18.2,44.4,30.2,49.4,0
11,2022-05-02 03:03:17,18.6,32.1,18.4,44.7,30.4,49.6,0
12,2022-05-02 03:18:29,18.5,32.0,18.9,45.0,30.2,50.7,0
13,2022-05-02 03:35:07,18.3,31.8,18.8,45.3,30.1,50.7,0
14,2022-05-02 03:52:35,18.6,31.7,18.5,45.7,29.8,51.5,0
15,2022-05-02 04:10:57,18.4,31.5,18.6,46.2,29.6,52.1,0
16,2022-05-02 04:26:12,18.6,31.3,18.6,46.8,29.6,52.4,0
17,2022-05-02 04:44:10,18.5,31.2,18.6,47.4,29.3,53.2,0
18,2022-05-02 04:59:45,18.7,31.1,18.7,47.9,29.4,53.4,0
19,2022-05-02 05:17:51,18.5,30.9,18.9,48.5,29.2,54.1,0
20,2022-05-02 05:34:13,19.0,29.0,19.2,55.1,28.6,57.1,1
21,2022-05-02 05:52:43,16.4,18.6,18.4,87.2,27.8,57.5,1
22,2022-05-02 06:08:21,14.1,15.4,17.6,91.9,28.2,52.7,0
23,2022-05-02 06:22:10,16.9,19.2,17.2,87.4,30.2,46.0,0
24,2022-05-02 06:37:55,17.3,20.9,17.6,80.6,30.6,45.9,0
25,2022-05-02 06:53:39,17.4,22.3,18.2,73.7,30.9,47.1,0
26,2022-05-02 07:10:59,17.0,23.3,18.8,68.5,32.3,45.0,0
27,2022-05-02 07:26:18,16.6,24.2,19.0,63.3,33.4,42.9,0
28,2022-05-02 07:41:46,16.6,25.0,19.5,60.0,34.4,41.7,0
29,2022-05-02 07:58:07,16.7,25.7,19.7,58.2,35.0,40.9,0
30,2022-05-02 08:16:25,16.8,26.4,19.7,56.5,35.5,40.2,0
31,2022-05-02 08:33:11,16.6,27.1,19.9,52.9,36.1,38.9,0
32,2022-05-02 08:48:03,16.1,27.5,19.8,50.2,36.5,37.9,0
33,2022-05-02 09:07:19,16.9,27.1,20.0,54.3,38.2,35.2,0
34,2022-05-02 09:23:24,16.0,27.8,20.3,49.5,38.0,36.5,0
35,2022-05-02 09:38:53,16.0,28.5,20.3,47.0,38.6,35.5,0
36,2022-05-02 09:38:53,15.9,29.1,20.5,45.5,38.8,35.4,0
37,2022-05-02 09:55:29,15.9,29.5,20.3,44.4,39.1,34.5,0
38,2022-05-02 10:13:32,15.5,29.9,19.9,41.9,39.8,32.6,0
39,2022-05-02 10:30:25,14.6,30.2,19.7,39.1,40.1,31.3,0
40,2022-05-02 10:46:25,14.9,30.5,19.3,38.7,40.3,30.6,0
41,2022-05-02 11:01:15,14.8,30.9,19.5,37.8,40.5,30.1,0
42,2022-05-02 11:16:41,14.8,31.3,19.3,36.9,40.9,28.7,0
43,2022-05-02 11:31:16,14.2,31.6,18.5,34.7,40.6,27.8,0
44,2022-05-02 11:46:17,14.0,31.9,17.8,34.5,39.8,28.3,0
45,2022-05-02 12:01:13,14.2,32.1,17.8,34.4,39.8,27.9,0
46,2022-05-02 12:17:33,14.7,32.7,17.8,34.5,39.8,28.0,0
47,2022-05-02 12:42:04,15.8,33.0,18.2,35.7,39.6,29.2,0
48,2022-05-02 12:42:04,15.7,33.3,17.7,35.4,39.1,29.2,0
49,2022-05-02 12:57:13,15.8,33.5,17.8,35.4,38.5,29.8,0
50,2022-05-02 13:13:21,16.4,33.6,17.8,36.1,37.9,31.1,0
51,2022-05-02 13:27:27,16.5,33.7,17.7,36.5,37.3,32.2,0
52,2022-05-02 13:41:53,17.0,33.8,18.2,37.0,36.7,33.7,0
53,2022-05-02 13:57:09,17.4,33.8,18.6,38.4,36.1,36.3,0
54,2022-05-02 14:13:45,18.1,33.7,18.9,39.8,35.5,38.4,0
55,2022-05-02 14:44:18,18.4,33.6,18.8,40.7,34.9,39.5,0
56,2022-05-02 15:01:12,18.4,33.5,18.8,41.3,34.4,40.6,0
57,2022-05-02 15:17:37,18.6,33.3,19.3,42.0,34.1,41.9,0
58,2022-05-02 15:32:42,18.8,33.1,19.7,43.0,33.7,44.0,0
59,2022-05-02 15:47:23,18.9,32.9,19.9,43.8,33.2,46.3,0
60,2022-05-02 16:03:21,19.7,32.9,19.7,45.7,33.0,46.1,0
61,2022-05-02 16:19:01,19.8,32.7,20.1,46.9,33.0,47.0,0
62,2022-05-02 16:36:08,20.0,32.5,20.1,47.9,32.6,48.3,0
63,2022-05-02 16:52:20,20.0,32.2,20.6,49.1,32.4,49.8,0
64,2022-05-02 17:08:36,19.9,32.0,20.0,49.4,32.5,48.5,0
65,2022-05-02 17:28:06,20.1,31.9,20.5,50.4,32.0,50.7,0
66,2022-05-02 17:44:36,20.1,31.6,20.7,51.3,31.8,51.8,0
67,2022-05-02 17:59:00,20.4,31.5,20.7,52.0,31.8,51.9,0
0,2022-05-03 00:07:04,20.3,31.4,20.8,51.8,31.3,53.7,0
1,2022-05-03 00:54:28,20.3,31.4,20.7,51.7,30.9,54.8,0
2,2022-05-03 01:12:34,19.9,31.3,20.4,51.6,30.2,55.7,0
3,2022-05-03 01:28:24,19.8,31.2,20.1,51.3,30.2,55.5,0
4,2022-05-03 01:43:24,19.6,31.0,19.9,51.4,29.7,56.1,0
5,2022-05-03 02:33:52,19.5,30.9,19.6,51.3,29.7,55.5,0
6,2022-05-03 03:38:02,19.4,30.8,19.6,51.3,29.4,55.9,0
7,2022-05-03 03:53:21,19.6,30.7,19.5,51.7,29.3,55.8,0
8,2022-05-03 04:08:51,19.5,30.6,19.3,52.1,29.1,56.3,0
9,2022-05-03 04:41:00,19.4,30.4,19.4,52.4,28.8,56.8,0
10,2022-05-03 05:13:49,19.3,30.3,19.1,52.5,28.8,56.1,0
11,2022-05-03 05:47:03,19.5,30.2,19.1,52.7,28.5,56.7,0
12,2022-05-03 05:31:46,19.3,30.0,19.0,52.8,28.4,56.7,0
13,2022-05-03 06:19:45,19.2,29.9,18.8,53.1,28.2,57.5,0
14,2022-05-03 06:35:00,19.1,29.8,18.8,53.3,28.2,57.5,0
15,2022-05-03 06:54:06,19.0,29.7,18.9,53.6,28.0,58.2,0
16,2022-05-03 07:29:25,19.1,29.5,19.0,53.8,28.1,58.0,0
17,2022-05-03 07:45:30,19.0,29.4,19.0,54.0,27.8,58.8,0
18,2022-05-03 08:03:11,18.9,29.3,18.9,54.3,28.0,58.6,0
19,2022-05-03 08:21:47,19.1,29.2,19.0,54.7,27.8,59.4,0
20,2022-05-03 08:39:57,19.1,29.1,19.3,55.2,28.1,58.9,0
21,2022-05-03 08:57:15,19.1,29.1,19.3,55.5,28.2,58.8,0
22,2022-05-03 09:12:35,19.3,29.1,19.4,55.9,28.9,57.3,0
23,2022-05-03 09:30:32,19.3,29.1,19.7,56.2,29.5,56.1,0
24,2022-05-03 09:44:34,19.4,29.2,19.8,56.3,30.2,54.4,0
25,2022-05-03 09:59:49,19.5,29.3,20.0,56.0,31.1,51.7,0
26,2022-05-03 10:36:27,19.3,29.4,19.9,55.5,32.0,48.8,0
27,2022-05-03 10:17:34,19.4,29.5,19.9,54.8,32.8,46.7,0
28,2022-05-03 11:10:07,19.3,29.7,20.0,54.4,33.7,44.8,0
29,2022-05-03 11:10:07,19.5,29.9,20.1,53.7,34.6,42.8,0
30,2022-05-03 11:26:03,19.4,30.1,20.2,53.1,35.6,40.8,0
31,2022-05-03 11:45:14,19.4,30.4,20.2,52.2,36.5,39.0,0
32,2022-05-03 12:03:03,19.3,30.7,20.3,50.9,37.5,36.8,0
33,2022-05-03 12:03:03,18.9,31.0,20.2,49.3,38.5,35.1,0
34,2022-05-03 12:17:40,18.6,31.3,19.9,47.4,39.2,32.7,0
35,2022-05-03 12:33:14,18.2,31.7,19.7,45.6,40.1,31.0,0
36,2022-05-03 12:51:26,18.1,32.0,19.2,44.1,40.8,29.6,0
37,2022-05-03 13:08:18,18.1,32.3,19.5,43.0,41.2,28.9,0
38,2022-05-03 13:27:10,17.8,32.5,19.5,41.9,41.8,27.9,0
39,2022-05-03 13:42:44,17.7,32.8,19.2,40.9,42.2,27.3,0
40,2022-05-03 14:01:39,17.6,33.1,19.1,39.8,42.7,26.2,0
41,2022-05-03 14:34:12,17.5,33.4,19.2,38.9,42.9,26.0,0
42,2022-05-03 15:59:01,17.3,33.7,19.4,38.1,43.1,25.7,0
43,2022-05-03 16:16:38,17.2,34.0,18.9,37.5,43.3,25.4,0
44,2022-05-03 16:34:56,17.3,34.2,19.0,37.1,43.4,25.5,0
45,2022-05-03 16:49:59,17.1,34.4,18.9,36.5,43.2,25.3,0
46,2022-05-03 17:04:53,17.3,34.6,18.7,36.0,43.0,25.4,0
47,2022-05-03 18:00:51,17.4,34.8,18.4,35.7,42.7,25.5,0
48,2022-05-03 18:16:08,17.1,34.9,18.3,35.3,42.5,25.5,0
49,2022-05-03 18:35:04,17.3,35.1,19.0,35.3,41.9,27.4,0
50,2022-05-03 18:51:24,18.2,35.2,20.1,36.7,41.2,30.5,0
51,2022-05-03 19:10:26,19.1,35.2,20.9,38.8,40.4,33.5,0
52,2022-05-03 20:04:14,19.5,35.2,21.2,40.1,39.6,35.5,0
53,2022-05-03 21:06:26,19.9,35.2,21.2,41.2,38.6,37.2,0
54,2022-05-03 21:21:26,19.8,35.1,20.9,41.5,37.7,38.3,0
55,2022-05-03 23:37:46,19.7,35.0,19.9,40.7,36.6,38.6,0
56,2022-05-03 00:07:04,19.2,34.9,19.6,40.1,35.8,39.4,0
57,2022-05-03 00:07:04,19.1,34.8,19.6,39.8,35.3,40.1,0
58,2022-05-03 00:07:04,19.0,34.7,19.5,40.1,34.8,40.7,0
59,2022-05-03 00:54:28,18.9,34.6,19.1,40.4,34.3,41.1,0
60,2022-05-03 00:54:28,19.2,34.5,19.2,40.7,34.0,41.9,0
61,2022-05-03 00:54:28,19.1,34.3,19.3,41.2,33.7,43.4,0
62,2022-05-03 01:12:34,19.4,34.2,19.7,41.9,33.3,45.6,0
63,2022-05-03 01:12:34,19.7,34.1,20.2,42.7,33.1,47.0,0
64,2022-05-03 01:12:34,19.8,33.9,20.6,43.9,32.8,48.8,0
65,2022-05-03 01:28:24,19.8,33.8,20.6,44.6,32.5,49.8,0
66,2022-05-03 01:28:24,20.0,33.7,20.7,45.4,32.2,50.9,0
67,2022-05-03 01:28:24,20.2,33.5,20.5,46.0,32.0,51.6,0
68,2022-05-03 01:43:24,20.0,33.3,20.6,46.6,31.7,52.4,0
69,2022-05-03 01:43:24,20.3,33.2,20.5,47.0,31.6,52.4,0
0,2022-05-04 07:35:00,20.1,33.0,20.5,47.6,31.3,53.2,0
1,2022-05-04 07:35:00,20.4,32.9,20.5,48.2,31.0,53.7,0
2,2022-05-04 07:49:21,20.5,32.7,20.4,48.7,30.9,54.5,0
3,2022-05-04 07:49:21,20.3,32.5,20.6,49.5,30.4,56.1,0
4,2022-05-04 08:05:01,20.5,32.3,20.6,50.3,30.4,56.6,0
5,2022-05-04 08:05:01,20.7,32.2,20.7,51.0,30.2,57.5,0
6,2022-05-04 08:21:33,20.8,32.0,20.8,51.8,30.0,58.5,0
7,2022-05-04 08:21:33,20.7,31.8,20.8,52.2,29.7,59.0,0
8,2022-05-04 08:38:19,20.9,31.7,20.8,52.8,29.7,59.4,0
9,2022-05-04 08:38:19,20.7,31.5,20.8,53.3,29.5,59.8,0
10,2022-05-04 08:54:19,20.8,31.3,20.7,53.8,29.3,60.5,0
11,2022-05-04 08:54:19,20.7,31.2,20.8,54.3,29.2,60.7,0
12,2022-05-04 09:09:05,20.8,31.0,20.7,54.8,29.1,61.0,0
13,2022-05-04 09:09:05,20.7,30.9,20.8,55.2,28.9,61.7,0
14,2022-05-04 09:24:31,20.5,30.7,20.7,55.5,28.8,62.0,0
15,2022-05-04 09:24:31,20.7,30.6,20.6,55.9,28.7,62.1,0
16,2022-05-04 09:39:49,20.6,30.4,20.5,56.1,28.6,62.1,0
17,2022-05-04 09:39:49,20.5,30.3,20.4,56.5,28.4,62.6,0
18,2022-05-04 09:56:29,20.6,30.1,20.3,56.7,28.1,63.2,0
19,2022-05-04 09:56:29,20.5,30.0,20.2,56.9,28.0,63.3,0
20,2022-05-04 10:12:45,20.4,29.6,20.7,58.0,29.3,60.5,0
21,2022-05-04 10:12:45,20.7,29.6,20.9,58.7,30.2,58.0,0
22,2022-05-04 10:29:25,20.3,29.5,20.4,58.3,30.6,55.4,0
23,2022-05-04 10:29:25,20.3,29.5,20.8,58.4,31.3,54.2,0
24,2022-05-04 10:43:24,20.1,29.6,20.4,57.0,32.2,50.0,0
25,2022-05-04 10:43:24,19.0,29.7,19.5,53.6,32.7,46.2,0
26,2022-05-04 10:59:39,18.2,29.8,18.8,50.0,33.1,42.8,0
27,2022-05-04 10:59:39,17.0,30.0,17.8,46.6,34.3,38.4,0
28,2022-05-04 11:15:46,16.6,30.3,17.5,43.8,35.4,35.0,0
29,2022-05-04 11:15:46,15.8,30.7,17.0,40.7,36.4,31.7,0
30,2022-05-04 11:32:54,14.9,31.0,16.2,38.3,37.3,29.3,0
31,2022-05-04 11:32:54,14.5,31.5,15.8,36.0,38.2,26.7,0
32,2022-05-04 11:48:45,13.4,31.8,14.4,33.1,38.7,24.4,0
33,2022-05-04 11:48:45,13.2,32.1,14.7,31.7,39.8,23.3,0
34,2022-05-04 12:03:30,13.3,32.2,14.5,31.8,40.4,22.2,0
35,2022-05-04 12:03:30,12.9,32.9,14.2,29.7,40.9,21.5,0
36,2022-05-04 12:18:44,11.7,33.3,13.7,27.5,41.2,19.9,0
37,2022-05-04 12:18:44,10.8,33.7,12.5,25.5,41.8,18.3,0
38,2022-05-04 12:34:30,10.6,34.2,12.7,24.6,42.0,18.5,0
39,2022-05-04 12:34:30,11.0,34.6,13.2,24.5,42.6,18.2,0
40,2022-05-04 12:49:09,11.3,35.0,13.4,23.7,42.8,18.1,0
41,2022-05-04 12:49:09,11.6,35.3,13.4,23.7,42.8,18.1,0
42,2022-05-04 13:03:50,11.2,35.7,12.9,22.9,43.3,17.6,0
43,2022-05-04 13:03:50,10.9,36.1,13.1,22.4,43.6,17.3,0
44,2022-05-04 13:20:35,11.1,36.3,13.0,21.9,43.4,17.4,0
45,2022-05-04 13:20:35,10.9,36.1,13.4,22.4,43.9,17.0,0
46,2022-05-04 13:37:58,11.8,36.3,13.8,22.9,43.3,18.5,0
47,2022-05-04 13:37:58,12.8,36.8,15.1,24.5,42.9,20.2,0
48,2022-05-04 13:55:27,13.7,37.1,15.2,24.7,42.1,21.0,0
49,2022-05-04 13:55:27,13.7,37.1,14.4,24.7,41.2,21.6,0
50,2022-05-04 14:10:06,13.2,37.2,15.0,24.5,41.0,21.9,0
51,2022-05-04 14:10:06,13.7,37.1,14.9,25.1,40.1,23.0,0
52,2022-05-04 14:25:12,14.2,37.0,15.0,26.0,39.4,24.1,0
53,2022-05-04 14:25:12,14.1,36.8,15.1,25.9,38.8,24.8,0
54,2022-05-04 14:45:51,15.6,36.6,16.8,29.6,38.0,29.3,0
55,2022-05-04 14:45:51,17.5,36.4,18.4,33.6,37.5,33.2,0
56,2022-05-04 15:01:51,17.7,36.1,18.2,34.4,36.7,34.3,0
57,2022-05-04 15:01:51,17.9,35.8,18.2,35.1,36.2,35.2,0
58,2022-05-04 15:21:28,17.6,35.5,17.8,34.9,35.7,34.9,0
59,2022-05-04 15:21:28,17.4,35.3,17.4,35.2,34.8,36.5,0
60,2022-05-04 15:52:22,17.6,35.0,17.5,35.9,34.9,36.2,0
61,2022-05-04 15:52:22,17.3,34.7,17.2,35.8,34.5,36.4,0
62,2022-05-04 16:07:12,17.0,34.3,17.3,36.4,33.7,37.7,0
63,2022-05-04 16:07:12,17.1,33.9,17.4,37.6,33.3,39.0,0
64,2022-05-04 16:22:45,17.3,33.7,17.4,38.1,33.3,39.0,0
65,2022-05-04 16:22:45,17.0,33.3,17.3,38.6,32.8,39.8,0
66,2022-05-04 16:39:19,17.0,32.9,16.9,39.2,31.9,41.2,0
67,2022-05-04 16:39:19,17.1,32.6,16.9,39.7,31.9,41.3,0
68,2022-05-04 16:53:25,16.9,32.3,16.9,40.4,31.9,41.5,0
69,2022-05-04 16:53:25,16.9,31.9,17.2,41.3,31.0,44.3,0
0,2022-05-05 00:13:25,17.0,31.6,17.2,42.2,30.2,45.8,0
1,2022-05-05 00:13:25,16.9,31.5,17.2,42.1,30.2,46.0,0
2,2022-05-05 00:27:16,16.8,31.4,17.0,42.2,29.6,47.2,0
3,2022-05-05 00:27:16,16.7,31.2,17.2,42.6,29.4,48.2,0
4,2022-05-05 00:43:48,17.0,31.1,17.4,43.3,29.3,48.8,0
5,2022-05-05 00:59:20,17.2,31.0,17.3,44.0,28.9,50.2,0
6,2022-05-05 00:59:20,17.4,30.8,17.5,44.9,28.7,51.5,0
7,2022-05-05 01:32:12,17.7,30.7,18.1,45.9,28.7,52.7,0
8,2022-05-05 01:32:12,17.9,30.6,18.1,47.0,28.4,54.3,0
9,2022-05-05 01:49:56,18.1,30.4,18.1,48.0,28.1,55.4,0
10,2022-05-05 01:49:56,18.0,30.3,18.0,48.5,28.3,54.6,0
11,2022-05-05 02:04:01,18.1,30.1,18.0,49.1,28.0,55.6,0
12,2022-05-05 02:04:01,18.3,29.9,18.5,50.1,27.9,57.1,0
13,2022-05-05 02:19:46,18.5,29.8,18.6,51.0,28.0,57.5,0
14,2022-05-05 02:19:46,18.7,29.7,18.9,51.8,27.7,58.9,0
15,2022-05-05 02:51:00,18.5,29.5,19.0,52.5,27.5,60.1,0
16,2022-05-05 02:51:00,18.7,29.4,19.1,53.3,27.7,60.0,0
17,2022-05-05 03:05:52,18.9,29.3,19.2,54.0,27.5,61.0,0
18,2022-05-05 03:05:52,19.1,29.2,19.4,54.7,27.4,61.8,0
19,2022-05-05 03:20:56,19.1,29.1,19.3,55.2,27.6,61.5,0
20,2022-05-05 03:20:56,19.7,28.9,20.1,57.8,28.7,59.9,0
21,2022-05-05 03:38:58,19.4,28.9,19.5,57.3,29.6,55.6,0
22,2022-05-05 03:38:58,19.2,28.9,19.5,56.6,29.6,55.2,0
23,2022-05-05 03:54:53,19.2,28.9,19.4,56.4,30.4,52.2,0
24,2022-05-05 03:54:53,18.6,28.9,19.0,54.6,31.1,48.7,0
25,2022-05-05 04:11:46,18.4,29.0,18.6,53.2,31.4,47.1,0
26,2022-05-05 04:11:46,18.2,29.1,18.7,51.7,32.6,43.8,0
27,2022-05-05 04:32:10,17.8,29.4,18.4,50.3,33.5,41.2,0
28,2022-05-05 04:32:10,17.8,29.7,18.6,49.1,34.2,40.0,0
29,2022-05-05 04:48:24,17.8,30.1,18.8,48.3,35.4,37.8,0
30,2022-05-05 04:48:24,18.2,30.5,19.5,47.7,36.2,37.7,0
31,2022-05-05 05:06:06,18.4,31.1,19.9,47.2,37.6,36.0,0
32,2022-05-05 05:06:06,17.4,31.6,18.5,43.3,38.2,32.6,0
33,2022-05-05 05:37:46,16.7,31.7,18.4,41.5,39.3,29.7,0
34,2022-05-05 05:37:46,16.6,32.0,18.1,39.7,39.5,28.9,0
35,2022-05-05 05:53:52,16.3,32.6,17.5,37.7,40.2,27.3,0
36,2022-05-05 05:53:52,16.4,33.1,17.7,37.1,40.4,27.6,0
37,2022-05-05 06:09:15,16.7,33.5,18.0,37.2,40.8,27.6,0
38,2022-05-05 06:09:15,16.7,34.0,18.0,36.0,41.5,26.5,0
39,2022-05-05 06:26:10,16.5,34.3,18.0,35.6,41.4,26.5,0
40,2022-05-05 06:26:10,16.9,34.7,18.4,34.9,41.9,26.0,0
41,2022-05-05 06:43:02,16.2,35.0,17.8,32.8,41.9,25.0,0
42,2022-05-05 06:43:02,15.6,35.4,17.4,31.6,42.3,24.0,0
43,2022-05-05 07:03:27,15.9,35.2,18.0,32.3,43.0,23.8,0
44,2022-05-05 07:03:27,16.0,35.3,17.7,32.3,42.6,24.0,0
45,2022-05-05 07:18:40,16.1,35.4,17.6,32.1,42.5,24.4,0
46,2022-05-05 07:18:40,15.7,36.1,16.9,30.2,41.7,24.2,0
47,2022-05-05 07:38:34,15.3,36.3,16.6,29.2,41.3,24.0,0
48,2022-05-05 07:38:34,15.5,36.5,16.4,28.8,41.1,24.3,0
49,2022-05-05 07:55:46,12.6,15.3,15.1,84.0,24.2,57.0,1
50,2022-05-05 07:55:46,11.7,13.0,15.1,92.5,22.3,63.7,1
51,2022-05-05 08:13:55,11.8,12.8,15.0,93.9,21.0,69.0,1
52,2022-05-05 08:13:55,13.1,14.1,14.6,94.6,21.0,66.9,1
53,2022-05-05 08:30:28,11.9,12.7,14.0,94.7,20.9,65.0,1
54,2022-05-05 08:30:28,13.1,13.9,13.7,95.0,20.8,63.7,1
55,2022-05-05 08:50:37,11.3,12.3,12.9,94.2,20.8,61.6,1
56,2022-05-05 08:50:37,12.4,13.4,13.1,94.4,20.7,62.0,1
57,2022-05-05 09:07:49,12.8,13.8,13.2,94.0,20.8,62.0,1
58,2022-05-05 09:07:49,13.0,14.1,13.4,93.3,21.0,61.8,1
59,2022-05-05 09:27:57,11.2,12.5,12.6,92.0,20.7,60.2,1
60,2022-05-05 09:43:48,10.8,12.6,12.8,89.2,20.7,61.2,1
61,2022-05-05 09:43:48,12.0,13.1,12.7,93.0,20.6,60.8,1
62,2022-05-05 10:21:09,13.0,14.0,13.0,94.2,20.6,62.3,1
63,2022-05-05 10:21:09,12.0,13.1,12.7,93.2,20.6,61.3,1
64,2022-05-05 10:35:14,13.0,14.0,13.6,93.8,20.7,64.6,1
0,2022-05-06 00:04:35,14.4,16.8,14.7,86.1,21.4,66.4,1
1,2022-05-06 00:20:36,16.0,21.5,15.0,71.3,24.7,55.4,0
2,2022-05-06 00:40:48,16.3,22.3,16.0,68.9,25.8,54.8,0
3,2022-05-06 00:54:23,16.2,22.7,16.3,67.3,26.8,53.5,0
4,2022-05-06 01:10:55,16.2,23.0,16.7,66.2,26.9,53.8,0
5,2022-05-06 01:26:03,16.3,23.3,16.4,64.7,26.9,53.1,0
6,2022-05-06 01:42:57,16.0,23.5,16.4,63.3,27.2,52.2,0
7,2022-05-06 01:57:13,15.9,23.7,16.6,61.9,27.1,52.8,0
8,2022-05-06 02:14:43,16.1,23.9,17.0,61.7,26.9,54.7,0
9,2022-05-06 02:35:17,16.0,24.1,16.9,61.6,26.8,54.9,0
10,2022-05-06 02:52:08,16.1,24.2,16.7,60.7,26.9,53.8,0
11,2022-05-06 03:12:28,16.0,24.3,16.7,59.9,26.6,54.7,0
12,2022-05-06 03:43:48,15.8,24.4,16.9,59.5,26.5,55.7,0
13,2022-05-06 04:00:30,15.9,24.5,17.1,59.5,26.7,56.6,0
14,2022-05-06 04:16:10,16.2,24.6,17.9,60.2,26.6,59.1,0
15,2022-05-06 04:32:31,16.6,24.7,18.2,61.1,26.4,60.9,0
16,2022-05-06 04:46:24,16.9,24.7,18.6,62.0,26.3,62.9,0
17,2022-05-06 05:02:16,17.2,24.8,18.8,62.7,26.5,63.0,0
18,2022-05-06 05:17:38,17.3,24.9,19.0,63.3,26.4,64.2,0
19,2022-05-06 05:35:04,17.6,24.9,19.1,63.8,26.3,65.2,0
20,2022-05-06 05:52:28,17.7,25.3,18.0,62.7,25.9,62.4,1
21,2022-05-06 06:08:49,14.9,16.9,17.2,88.0,25.0,61.9,1
22,2022-05-06 06:28:52,13.5,14.6,14.5,93.3,22.5,61.1,1
23,2022-05-06 06:43:44,13.0,14.0,14.0,94.2,21.7,62.3,1
24,2022-05-06 06:59:22,11.6,12.6,13.9,94.1,21.5,62.4,1
25,2022-05-06 07:15:34,13.5,14.3,13.9,94.7,21.3,63.4,1
26,2022-05-06 07:30:46,11.9,12.7,14.0,94.7,21.4,63.1,1
27,2022-05-06 07:46:58,11.9,12.7,14.2,94.8,21.4,63.7,1
28,2022-05-06 08:01:02,13.1,13.9,14.3,95.1,21.5,63.8,1
29,2022-05-06 08:17:31,13.1,13.9,14.9,95.2,21.8,65.3,1
30,2022-05-06 08:31:51,12.6,13.4,14.4,95.2,21.8,63.0,1
31,2022-05-06 08:48:04,12.2,13.0,14.4,95.1,21.8,63.2,1
32,2022-05-06 09:05:35,13.1,13.9,14.5,95.4,21.9,63.4,1
33,2022-05-06 09:22:36,11.8,12.6,14.6,95.2,22.6,61.6,0
34,2022-05-06 09:37:02,14.4,15.2,15.3,95.5,22.3,65.1,1
35,2022-05-06 09:52:16,12.8,13.6,14.7,94.8,22.7,60.7,1
36,2022-05-06 10:07:06,12.8,13.6,14.4,95.2,22.4,61.0,1
37,2022-05-06 10:22:58,12.6,13.4,14.9,95.5,22.1,64.4,1
38,2022-05-06 10:40:09,12.8,13.6,14.3,95.6,22.0,62.5,1
39,2022-05-06 10:54:03,12.9,13.7,14.1,95.6,22.0,61.6,1
40,2022-05-06 11:09:15,12.7,13.5,13.8,95.4,22.0,60.6,1
41,2022-05-06 11:24:37,12.7,13.5,14.1,95.3,22.0,60.9,1
42,2022-05-06 11:39:07,12.9,13.7,14.2,95.2,22.2,61.6,1
43,2022-05-06 12:27:18,12.5,13.3,14.0,95.2,22.2,60.0,1
44,2022-05-06 12:43:36,12.2,13.0,14.2,95.2,22.2,60.9,1
45,2022-05-06 12:58:48,12.5,13.3,14.0,94.8,22.5,59.1,1
46,2022-05-06 13:13:13,13.1,13.9,13.6,95.3,22.1,59.6,1
47,2022-05-06 13:29:41,13.6,14.4,13.8,95.4,22.0,59.9,1
48,2022-05-06 13:45:59,12.7,13.5,14.1,95.1,22.0,60.9,1
49,2022-05-06 14:02:26,12.5,13.3,14.1,95.2,22.0,60.9,1
50,2022-05-06 14:19:57,12.6,13.4,13.6,95.3,21.8,60.0,1
51,2022-05-06 14:37:06,12.7,13.5,14.2,95.5,21.9,62.6,1
52,2022-05-06 14:50:52,11.8,12.6,14.0,95.2,21.7,61.9,1
53,2022-05-06 15:08:14,13.0,13.7,14.0,95.8,21.6,62.0,1
54,2022-05-06 15:25:30,13.0,13.6,13.8,95.9,21.4,62.2,1
55,2022-05-06 15:41:50,12.1,12.7,13.6,95.8,21.2,62.1,1
56,2022-05-06 15:41:50,11.4,12.2,13.5,95.6,21.1,62.6,1
57,2022-05-06 15:58:57,13.1,13.8,13.6,96.0,21.0,63.1,1
58,2022-05-06 16:14:01,11.6,12.4,13.6,95.5,21.0,62.9,1
59,2022-05-06 16:30:51,12.0,12.8,13.8,95.6,20.9,64.5,1
60,2022-05-06 16:50:58,12.6,13.2,13.8,95.9,20.9,63.7,1
61,2022-05-06 17:07:04,11.3,12.1,13.3,95.1,20.7,63.6,1
62,2022-05-06 17:27:07,11.2,12.0,12.8,95.2,20.4,61.7,1
63,2022-05-06 17:44:16,13.2,13.9,13.6,96.0,20.5,65.6,1
64,2022-05-06 18:02:29,12.7,13.3,12.8,95.7,20.4,62.6,1
65,2022-05-06 18:19:28,11.5,12.3,13.5,95.3,20.4,65.0,1
66,2022-05-06 18:40:22,11.6,12.4,13.3,95.6,20.1,65.0,1
67,2022-05-06 18:54:01,13.0,13.7,14.0,96.0,20.6,66.6,1
0,2022-05-07 00:10:43,16.5,17.2,15.9,95.9,25.1,57.1,0
1,2022-05-07 00:10:43,17.3,18.3,16.5,94.1,26.4,54.8,0
2,2022-05-07 00:26:01,17.6,19.2,16.8,91.3,27.3,53.1,0
3,2022-05-07 00:26:01,18.2,19.9,17.1,90.2,27.3,54.2,0
4,2022-05-07 00:41:29,18.5,20.4,17.5,89.4,27.4,54.9,0
5,2022-05-07 00:41:29,18.6,20.9,17.7,87.6,27.6,54.7,0
6,2022-05-07 00:57:59,18.7,21.4,18.0,85.6,27.7,55.7,0
7,2022-05-07 00:57:59,18.8,21.7,18.4,84.0,27.5,58.2,0
8,2022-05-07 01:16:21,18.9,22.0,18.8,82.8,27.3,60.0,0
9,2022-05-07 01:16:21,18.8,22.3,19.1,81.6,27.7,59.8,0
10,2022-05-07 01:31:23,18.9,22.6,19.0,80.3,27.5,60.3,0
11,2022-05-07 01:31:23,18.9,22.8,18.8,78.9,27.3,60.5,0
12,2022-05-07 01:47:50,18.7,23.0,18.9,77.3,27.2,61.3,0
13,2022-05-07 01:47:50,18.7,23.2,19.2,76.2,27.5,61.3,0
14,2022-05-07 02:04:13,18.6,23.3,19.1,75.5,27.1,62.6,0
15,2022-05-07 02:04:13,18.7,23.4,19.2,74.8,26.9,63.2,0
16,2022-05-07 02:20:00,18.5,23.5,19.1,74.0,26.8,63.2,0
17,2022-05-07 02:20:00,18.4,23.6,19.0,72.9,27.0,62.2,0
18,2022-05-07 02:38:08,18.0,23.6,18.5,71.4,26.7,60.8,0
19,2022-05-07 02:38:08,17.8,23.7,17.8,69.9,26.5,59.6,0
20,2022-05-07 02:54:06,17.4,23.7,18.0,68.6,27.0,58.6,0
21,2022-05-07 02:54:06,17.2,23.8,18.4,67.6,27.5,58.3,0
22,2022-05-07 03:10:41,17.3,23.9,19.0,67.4,27.8,58.7,0
23,2022-05-07 03:10:41,17.5,24.1,19.1,67.1,28.5,56.9,0
24,2022-05-07 03:25:10,17.6,24.2,19.0,66.8,29.4,54.1,0
25,2022-05-07 03:25:10,17.6,24.4,19.2,66.4,30.2,52.4,0
26,2022-05-07 03:40:30,17.9,24.7,19.5,66.3,31.3,50.2,0
27,2022-05-07 03:40:30,18.0,24.9,19.9,66.2,32.4,48.2,0
28,2022-05-07 03:56:28,19.6,25.1,20.0,71.9,33.7,45.6,0
29,2022-05-07 03:56:28,20.2,25.5,20.2,73.0,35.1,42.6,0
30,2022-05-07 04:14:20,20.6,25.9,20.2,73.0,36.0,40.0,0
31,2022-05-07 04:14:20,20.8,26.3,20.0,72.2,37.2,37.0,0
32,2022-05-07 04:28:16,21.2,26.7,20.1,72.3,38.3,35.3,0
33,2022-05-07 04:28:16,21.6,27.1,19.9,72.4,39.2,33.3,0
34,2022-05-07 04:43:31,21.7,27.5,19.6,71.1,40.0,31.4,0
35,2022-05-07 04:43:31,22.2,28.0,20.0,71.6,41.1,29.9,0
36,2022-05-07 04:57:47,22.8,28.4,19.8,72.3,41.5,28.9,0
37,2022-05-07 04:57:47,23.4,28.8,19.8,73.2,42.2,27.9,0
38,2022-05-07 05:14:17,23.7,29.3,19.8,72.0,42.9,26.9,0
39,2022-05-07 05:14:17,23.3,29.7,20.2,69.2,43.3,27.0,0
40,2022-05-07 05:32:13,21.3,30.3,21.4,59.2,43.4,29.6,0
41,2022-05-07 05:32:13,20.7,30.6,21.7,55.9,43.7,28.8,0
42,2022-05-07 05:45:49,20.1,30.9,21.3,53.6,43.9,28.5,0
43,2022-05-07 05:45:49,19.8,31.2,21.3,51.1,43.9,27.9,0
44,2022-05-07 06:02:43,19.4,31.5,21.3,49.2,43.9,27.8,0
45,2022-05-07 06:02:43,19.3,31.7,20.7,48.2,43.9,27.4,0
46,2022-05-07 06:18:47,19.1,31.9,20.6,47.4,43.8,27.6,0
47,2022-05-07 06:18:47,19.3,32.1,21.0,46.7,43.6,27.9,0
48,2022-05-07 06:34:08,19.4,32.2,20.8,47.4,43.3,28.3,0
49,2022-05-07 06:34:08,19.6,32.4,20.8,47.6,42.7,29.1,0
50,2022-05-07 06:51:56,21.8,32.4,20.9,53.9,42.2,30.3,0
51,2022-05-07 06:51:56,23.4,32.5,20.4,58.7,41.6,30.6,0
52,2022-05-07 07:06:23,24.3,32.6,19.7,61.9,40.8,30.4,0
53,2022-05-07 07:06:23,24.9,32.7,19.5,63.8,39.9,31.1,0
54,2022-05-07 07:22:47,25.2,32.7,19.8,65.3,39.1,33.5,0
55,2022-05-07 07:22:47,25.7,32.7,20.3,66.7,38.1,36.3,0
56,2022-05-07 07:38:30,26.0,32.7,20.6,67.7,37.4,37.9,0
57,2022-05-07 07:38:30,26.2,32.7,20.5,68.9,36.8,39.1,0
58,2022-05-07 07:54:09,26.4,32.7,20.8,70.5,36.2,40.9,0
59,2022-05-07 07:54:09,26.7,32.7,20.7,71.1,35.7,42.4,0
60,2022-05-07 08:09:05,26.3,32.6,21.8,69.9,35.3,46.0,0
61,2022-05-07 08:09:05,26.3,32.6,22.3,70.3,35.0,48.4,0
62,2022-05-07 08:23:34,27.7,32.5,22.2,75.9,34.6,49.4,0
63,2022-05-07 08:23:34,27.8,32.4,23.0,77.5,34.3,52.1,0
64,2022-05-07 08:40:44,28.1,32.3,23.2,79.6,33.9,53.9,0
65,2022-05-07 08:40:44,27.9,32.3,23.5,78.4,33.6,56.0,0
66,2022-05-07 08:57:44,28.0,32.2,23.8,79.6,33.3,57.7,0
67,2022-05-07 08:57:44,28.2,32.1,24.1,80.5,33.0,59.9,0
68,2022-05-07 09:14:36,28.7,32.0,24.5,83.1,32.8,61.8,0
69,2022-05-07 09:14:36,28.4,31.9,24.5,82.4,32.5,63.3,0
0,2022-05-08 00:10:56,28.3,31.8,24.8,82.2,32.3,64.9,0
1,2022-05-08 00:29:45,28.3,31.8,24.8,82.5,32.0,66.5,0
2,2022-05-08 00:44:44,28.4,31.7,24.6,83.0,31.6,67.4,0
3,2022-05-08 01:01:01,28.1,31.6,25.0,82.6,31.4,69.1,0
4,2022-05-08 01:16:38,27.8,31.5,25.0,81.5,31.2,70.3,0
5,2022-05-08 01:33:15,27.7,31.4,25.2,81.2,30.9,72.0,0
6,2022-05-08 01:48:15,27.4,31.3,25.2,80.5,30.9,72.3,0
7,2022-05-08 02:03:46,27.3,31.2,25.2,79.7,30.4,74.6,0
8,2022-05-08 02:19:02,27.0,31.1,25.4,79.0,30.4,75.0,0
9,2022-05-08 02:35:17,26.6,31.0,25.4,78.0,30.2,76.3,0
10,2022-05-08 02:52:13,26.3,30.9,25.6,77.4,29.9,77.8,0
11,2022-05-08 03:08:13,26.0,30.8,25.6,76.2,29.9,78.1,0
12,2022-05-08 03:25:44,25.9,30.7,25.4,76.2,29.5,79.5,0
13,2022-05-08 03:43:35,25.8,30.6,25.6,76.6,29.5,80.1,0
14,2022-05-08 04:01:44,25.7,30.5,25.4,75.9,29.3,80.6,0
15,2022-05-08 04:18:49,25.3,30.3,25.6,74.7,29.0,82.2,0
16,2022-05-08 04:39:16,24.5,30.2,25.7,72.4,29.1,82.2,0
17,2022-05-08 04:39:16,24.2,30.1,25.6,71.5,28.8,83.3,0
18,2022-05-08 04:56:33,23.6,30.0,25.6,69.3,28.6,84.6,0
19,2022-05-08 05:11:15,23.3,29.9,25.8,67.8,28.8,84.1,0
20,2022-05-08 05:44:03,18.8,27.0,19.1,61.3,26.8,63.4,1
21,2022-05-08 06:00:33,18.3,26.8,18.5,60.1,27.6,58.2,1
22,2022-05-08 06:16:54,15.7,17.6,17.7,89.1,26.7,58.3,1
23,2022-05-08 06:34:44,11.6,12.9,14.1,92.5,23.2,57.1,1
24,2022-05-08 06:51:42,11.5,12.8,13.7,92.6,22.2,59.1,1
25,2022-05-08 07:12:02,12.3,13.6,14.3,92.6,21.7,62.9,1
26,2022-05-08 07:27:59,12.8,13.9,14.0,93.6,21.4,62.9,1
27,2022-05-08 07:42:00,12.0,13.1,13.7,93.3,21.3,61.9,1
28,2022-05-08 07:58:52,12.6,13.7,14.0,93.4,21.4,63.3,1
29,2022-05-08 08:15:10,11.6,12.7,13.7,92.7,21.3,62.3,1
30,2022-05-08 08:31:25,13.1,14.1,13.8,93.8,21.4,62.4,1
31,2022-05-08 08:47:51,11.8,13.3,13.8,90.8,21.4,62.6,1
32,2022-05-08 09:01:23,12.9,14.0,13.9,93.2,21.5,61.8,1
33,2022-05-08 09:17:15,11.6,12.7,14.0,92.9,22.2,59.9,0
34,2022-05-08 09:33:23,13.0,15.4,16.0,86.3,33.2,35.9,0
35,2022-05-08 09:47:19,13.2,14.3,13.9,93.5,22.9,56.7,1
36,2022-05-08 10:19:12,11.2,12.7,13.2,91.3,22.2,56.9,1
37,2022-05-08 10:19:12,12.5,13.6,13.7,92.8,22.2,59.5,1
38,2022-05-08 10:04:31,12.8,14.3,14.0,91.6,22.2,60.1,1
39,2022-05-08 10:35:43,12.3,13.8,13.7,91.3,22.2,59.1,1
40,2022-05-08 10:50:54,12.1,13.7,13.6,90.4,22.3,58.2,1
41,2022-05-08 11:05:57,12.7,14.9,13.6,87.0,22.3,58.2,1
42,2022-05-08 11:22:11,12.4,14.8,13.7,86.4,22.5,58.2,1
43,2022-05-08 11:41:40,12.5,14.7,13.6,86.9,22.3,58.4,1
44,2022-05-08 11:58:50,12.0,14.0,13.6,88.5,22.3,57.8,1
45,2022-05-08 12:13:37,12.6,14.2,13.4,90.5,22.1,58.5,1
46,2022-05-08 12:29:25,11.3,13.3,13.5,88.1,22.0,58.8,1
47,2022-05-08 12:44:52,12.7,14.3,13.7,90.2,21.9,60.1,1
48,2022-05-08 12:59:03,12.7,13.5,15.5,94.9,21.7,68.1,1
49,2022-05-08 13:15:47,12.4,13.2,14.8,95.1,21.2,67.3,1
50,2022-05-08 13:51:54,12.8,13.6,15.9,95.3,21.0,73.2,1
51,2022-05-08 13:37:15,13.4,14.2,14.2,95.4,20.9,66.0,1
52,2022-05-08 14:06:49,12.0,12.8,14.1,95.3,20.8,66.2,1
53,2022-05-08 14:21:35,12.5,13.3,14.4,95.4,20.8,67.4,1
54,2022-05-08 14:53:58,12.0,12.8,14.5,95.4,20.9,67.2,1
55,2022-05-08 15:10:02,12.0,12.8,14.2,95.4,20.9,65.8,1
56,2022-05-08 15:29:22,12.4,13.2,14.2,95.5,21.1,64.7,1
57,2022-05-08 15:44:06,12.5,13.3,14.2,95.5,21.4,64.5,1
58,2022-05-08 15:59:50,11.9,12.7,17.1,95.1,24.7,63.0,0
59,2022-05-08 16:14:36,12.9,16.0,18.2,82.1,28.8,52.7,0
60,2022-05-08 00:10:56,12.8,13.6,13.8,95.0,21.4,61.9,1
61,2022-05-08 00:10:56,11.7,12.5,13.9,95.1,21.0,63.7,1
62,2022-05-08 00:10:56,11.6,12.4,13.7,95.3,20.8,64.6,1
63,2022-05-08 00:29:45,11.6,12.4,13.6,95.6,20.7,64.0,1
64,2022-05-08 00:29:45,11.9,12.7,13.9,95.6,20.5,66.4,1
65,2022-05-08 00:29:45,12.7,13.3,13.9,95.8,20.5,66.5,1
66,2022-05-08 00:44:44,12.3,12.9,14.0,95.7,20.6,66.5,1
67,2022-05-08 00:44:44,12.3,12.9,14.1,95.8,21.0,65.6,1
68,2022-05-08 00:44:44,14.6,15.3,15.4,95.9,21.2,70.4,1
69,2022-05-08 01:01:01,16.8,17.5,17.8,95.8,23.7,70.0,0
0,2022-05-09 07:42:28,18.9,19.8,18.4,95.6,27.5,57.7,0
1,2022-05-09 07:57:53,19.9,20.8,18.6,95.2,28.3,56.2,0
2,2022-05-09 08:13:54,20.2,21.6,19.3,92.5,29.0,55.9,0
3,2022-05-09 08:31:42,20.4,22.2,19.5,89.8,29.3,56.2,0
4,2022-05-09 08:47:49,20.6,22.7,19.8,88.3,29.6,56.4,0
5,2022-05-09 09:02:41,20.8,23.1,20.1,86.7,29.6,57.1,0
6,2022-05-09 09:16:53,20.8,23.5,20.4,85.0,29.6,58.0,0
7,2022-05-09 09:34:40,20.7,23.8,20.8,83.6,29.5,59.9,0
8,2022-05-09 09:52:03,20.8,24.1,21.1,82.5,29.5,61.3,0
9,2022-05-09 10:08:46,20.8,24.3,21.1,81.6,29.2,62.0,0
10,2022-05-09 10:24:30,20.8,24.5,21.2,80.2,29.3,62.1,0
11,2022-05-09 10:40:53,20.6,24.8,20.9,78.4,29.0,62.3,0
12,2022-05-09 11:00:53,20.5,24.9,20.9,76.8,29.0,61.9,0
13,2022-05-09 11:16:57,20.2,25.0,20.4,75.3,28.8,61.3,0
14,2022-05-09 11:37:39,19.9,25.2,20.4,73.5,29.0,60.6,0
15,2022-05-09 11:54:35,19.7,25.2,20.2,72.1,28.8,59.7,0
16,2022-05-09 12:13:05,19.6,25.3,20.3,70.9,28.6,60.7,0
17,2022-05-09 12:28:24,19.5,25.4,20.2,69.9,28.8,59.8,0
18,2022-05-09 12:43:59,19.2,25.4,19.9,68.9,28.5,60.3,0
19,2022-05-09 12:59:44,19.8,25.5,20.0,71.2,26.2,69.5,1
20,2022-05-09 13:16:05,17.1,20.9,18.1,79.4,26.3,61.5,1
21,2022-05-09 13:31:12,13.3,14.3,14.3,94.2,22.0,62.0,1
22,2022-05-09 13:47:52,12.7,13.7,13.9,94.5,21.5,62.5,1
23,2022-05-09 14:02:31,12.6,13.4,14.4,94.7,21.3,64.7,1
24,2022-05-09 14:19:09,12.4,13.2,13.6,95.0,21.0,63.4,1
25,2022-05-09 14:36:01,11.7,12.5,13.9,94.7,21.0,64.1,1
26,2022-05-09 14:52:37,12.1,12.9,14.1,94.9,21.2,64.5,1
27,2022-05-09 15:25:00,12.3,13.1,14.1,95.0,21.2,64.2,1
28,2022-05-09 15:46:24,12.3,13.1,14.1,95.0,21.2,64.5,1
29,2022-05-09 16:01:32,13.1,13.9,14.2,95.2,21.3,64.2,1
30,2022-05-09 16:16:09,11.8,12.6,13.9,94.9,21.3,63.0,1
31,2022-05-09 16:16:09,12.4,13.2,13.6,95.1,21.2,62.0,1
32,2022-05-09 16:32:26,14.4,15.4,14.4,94.3,28.7,42.4,0
33,2022-05-09 16:49:10,12.9,13.9,13.9,94.0,23.6,55.1,1
34,2022-05-09 17:07:08,11.7,12.7,13.8,93.9,22.0,59.7,1
35,2022-05-09 17:22:12,11.8,12.8,13.9,94.5,21.5,62.6,1
36,2022-05-09 17:37:56,12.4,13.2,14.0,94.9,21.4,63.4,1
37,2022-05-09 17:57:23,12.7,13.5,13.5,95.1,21.4,61.4,1
38,2022-05-09 18:13:46,12.9,13.7,14.0,95.2,21.4,63.0,1
39,2022-05-09 18:49:08,12.5,13.3,13.6,95.0,21.5,61.2,1
40,2022-05-09 19:08:34,13.1,13.9,14.2,95.1,21.6,63.1,1
41,2022-05-09 19:24:21,12.6,13.4,14.0,95.1,21.7,62.1,1
42,2022-05-09 19:44:47,11.6,12.4,13.7,94.8,21.6,61.2,1
43,2022-05-09 20:02:14,12.7,13.5,14.0,95.3,21.7,61.9,1
44,2022-05-09 20:21:13,12.6,13.4,14.0,95.4,21.7,61.7,1
45,2022-05-09 20:37:01,12.5,13.1,15.7,95.7,21.5,70.0,1
46,2022-05-09 20:57:18,14.9,15.6,17.3,95.7,21.8,76.1,1
47,2022-05-09 21:11:35,12.5,13.1,14.8,95.7,21.2,67.1,1
48,2022-05-09 21:26:30,12.2,12.8,14.3,95.8,21.0,66.4,1
49,2022-05-09 21:41:56,12.4,13.0,13.3,95.8,20.9,62.5,1
50,2022-05-09 21:58:17,12.6,13.2,13.3,95.8,20.9,62.3,1
51,2022-05-09 22:13:53,11.7,12.5,13.8,95.6,20.7,65.6,1
52,2022-05-09 22:29:34,13.0,13.7,13.9,95.7,21.0,64.5,1
53,2022-05-09 22:49:18,11.6,12.4,14.1,95.6,21.0,65.0,1
54,2022-05-09 23:06:21,11.9,12.5,14.5,95.8,21.2,66.0,1
55,2022-05-09 23:26:58,11.9,12.5,14.4,95.8,21.3,65.3,1
56,2022-05-09 23:43:29,11.7,12.3,14.3,95.8,21.0,65.7,1
57,2022-05-09 07:42:28,12.5,13.3,18.2,95.6,27.0,59.2,0
58,2022-05-09 07:57:53,13.6,14.4,14.7,95.2,23.2,59.2,1
59,2022-05-09 08:13:54,12.8,13.6,13.8,95.6,21.2,63.5,1
60,2022-05-09 08:31:42,13.2,13.9,14.0,95.8,20.9,64.9,1
61,2022-05-09 08:47:49,11.4,12.2,13.5,95.3,20.6,64.4,1
62,2022-05-09 09:02:41,12.1,12.9,13.5,95.6,20.6,63.7,1
63,2022-05-09 09:16:53,12.5,13.3,14.1,95.6,20.7,66.6,1
64,2022-05-09 09:34:40,13.2,13.9,14.1,95.7,20.5,66.8,1
65,2022-05-09 09:52:03,12.2,13.0,14.0,95.6,20.4,67.3,1
66,2022-05-09 10:08:46,14.5,15.2,15.2,95.9,20.9,70.6,1
67,2022-05-09 10:40:53,17.4,18.1,17.9,95.7,22.4,75.9,1
0,2022-05-10 00:02:15,20.3,21.2,20.0,95.5,26.7,66.9,0
1,2022-05-10 00:18:22,21.6,22.5,20.7,95.3,28.5,63.1,0
2,2022-05-10 00:36:12,22.2,23.4,20.9,92.9,29.3,60.9,0
3,2022-05-10 00:52:26,21.9,23.9,21.4,89.2,29.8,60.7,0
4,2022-05-10 01:13:06,22.0,24.4,21.7,87.3,29.8,62.5,0
5,2022-05-10 01:26:58,22.1,24.7,22.3,86.1,30.2,62.8,0
6,2022-05-10 01:42:04,22.4,25.1,22.7,84.9,29.5,66.9,0
7,2022-05-10 01:58:26,22.1,25.2,22.8,83.6,29.4,67.8,0
8,2022-05-10 02:15:17,22.0,25.4,22.7,82.3,29.3,68.2,0
9,2022-05-10 02:30:15,21.8,25.6,22.6,80.6,29.2,68.1,0
10,2022-05-10 02:56:36,21.7,25.7,22.4,79.1,29.0,68.0,0
11,2022-05-10 03:11:27,21.4,25.8,22.2,77.2,29.0,67.1,0
12,2022-05-10 03:27:05,21.2,25.8,22.0,75.8,28.8,67.2,0
13,2022-05-10 03:45:24,20.9,25.9,21.8,74.6,28.9,66.3,0
14,2022-05-10 04:01:41,20.6,25.9,21.7,73.3,28.8,65.8,0
15,2022-05-10 04:18:53,20.4,25.9,21.2,72.1,28.8,64.6,0
16,2022-05-10 04:35:47,20.2,25.9,21.3,70.8,28.9,63.8,0
17,2022-05-10 04:53:21,20.1,26.6,20.3,67.7,26.5,69.1,1
18,2022-05-10 05:09:06,19.6,27.3,19.9,63.4,27.4,64.3,1
19,2022-05-10 05:27:24,19.5,27.5,19.7,62.2,27.7,62.6,1
20,2022-05-10 05:42:28,12.4,13.5,14.8,92.7,23.3,59.2,1
21,2022-05-10 06:00:35,12.8,13.8,14.5,94.1,22.2,62.1,1
22,2022-05-10 06:15:41,12.6,13.6,14.8,94.4,21.7,65.2,1
23,2022-05-10 06:35:07,12.5,13.3,14.4,94.7,21.6,64.5,1
24,2022-05-10 06:49:56,12.6,13.6,15.3,94.6,22.8,63.2,1
25,2022-05-10 07:09:00,12.6,13.4,14.9,94.8,22.1,64.1,1
26,2022-05-10 07:24:16,12.6,13.4,14.8,94.9,22.0,64.0,1
27,2022-05-10 08:03:30,12.9,13.7,15.1,95.0,22.0,65.4,1
28,2022-05-10 08:19:05,12.5,13.3,15.1,95.0,22.0,64.7,1
29,2022-05-10 08:36:27,12.6,13.4,14.8,95.1,22.0,64.3,1
30,2022-05-10 08:50:51,12.5,13.3,14.8,95.1,22.0,64.0,1
31,2022-05-10 09:06:39,14.2,15.0,19.6,95.1,30.7,51.9,0
32,2022-05-10 09:22:24,15.6,16.4,18.9,95.0,34.6,40.2,1
33,2022-05-10 09:37:11,13.3,14.1,14.9,94.9,23.5,59.0,1
34,2022-05-10 09:54:00,12.4,13.4,14.6,94.5,22.9,60.2,1
35,2022-05-10 10:13:24,13.9,14.7,14.8,95.0,22.5,62.1,1
36,2022-05-10 10:30:13,13.3,14.1,14.3,94.8,22.3,61.6,1
37,2022-05-10 10:47:47,12.6,13.6,14.2,94.2,22.4,60.2,1
38,2022-05-10 11:04:18,12.6,13.7,13.9,93.3,22.4,59.4,1
39,2022-05-10 11:24:58,12.6,13.9,13.8,92.1,23.1,56.5,1
40,2022-05-10 11:42:38,12.1,14.6,14.1,85.5,23.5,55.7,1
41,2022-05-10 11:57:47,13.0,14.7,14.2,89.8,23.3,57.6,1
42,2022-05-10 12:13:19,13.6,14.9,16.0,92.0,31.3,39.8,0
43,2022-05-10 12:29:23,13.0,16.7,16.8,79.4,37.4,29.9,0
44,2022-05-10 13:04:00,13.8,14.9,14.2,93.6,23.9,54.7,1
45,2022-05-10 13:20:28,11.6,12.9,14.1,92.1,23.2,57.0,1
46,2022-05-10 13:36:58,12.9,13.9,14.4,94.2,22.6,60.1,1
47,2022-05-10 13:56:48,13.4,14.4,14.7,94.6,22.4,62.4,1
48,2022-05-10 14:13:23,12.3,13.3,13.7,94.4,22.5,57.9,1
49,2022-05-10 14:33:29,12.8,13.8,14.2,94.6,22.4,60.3,1
50,2022-05-10 14:49:38,12.6,13.4,14.8,95.2,22.0,63.9,1
51,2022-05-10 15:09:02,12.7,13.5,15.1,95.5,22.0,64.8,1
52,2022-05-10 15:25:25,12.7,13.5,15.0,95.6,21.9,65.3,1
53,2022-05-10 15:25:25,13.2,13.9,15.1,95.7,21.8,66.1,1
54,2022-05-10 15:39:59,12.6,13.2,14.8,95.7,21.7,65.6,1
55,2022-05-10 15:58:38,12.4,13.0,15.0,95.7,21.7,65.9,1
56,2022-05-10 16:15:00,13.0,13.7,14.6,95.8,21.5,65.3,1
57,2022-05-10 16:31:16,12.3,12.9,14.8,95.7,21.2,67.4,1
58,2022-05-10 16:47:19,12.5,13.1,15.0,95.7,21.2,68.0,1
59,2022-05-10 17:03:02,12.4,13.0,14.7,95.8,21.1,67.6,1
60,2022-05-10 17:19:46,13.0,13.7,14.6,95.9,21.0,66.7,1
61,2022-05-10 17:39:24,12.2,12.8,14.7,95.9,21.1,67.2,1
62,2022-05-10 17:55:13,12.0,12.6,14.3,95.8,21.0,66.2,1
63,2022-05-10 18:15:19,13.0,13.6,14.4,95.9,20.8,67.4,1
64,2022-05-10 18:31:00,13.7,14.4,15.1,95.9,20.8,70.4,1
65,2022-05-10 18:47:02,16.5,17.3,17.4,95.5,21.7,77.3,1
66,2022-05-10 19:00:54,18.5,19.4,21.2,95.0,24.7,80.9,0
0,2022-05-11 00:14:31,20.1,21.0,22.0,94.7,27.1,74.4,0
1,2022-05-11 00:14:31,21.0,21.9,22.2,94.7,27.8,72.5,0
2,2022-05-11 00:14:31,21.6,22.5,22.4,94.7,28.2,71.4,0
3,2022-05-11 00:30:25,21.9,23.0,22.5,94.5,28.3,70.9,0
4,2022-05-11 00:30:25,22.4,23.5,22.2,94.6,28.3,70.5,0
5,2022-05-11 00:30:25,22.8,23.9,22.0,94.6,28.5,68.3,0
6,2022-05-11 00:44:58,23.3,24.2,20.9,94.7,28.4,64.5,0
7,2022-05-11 00:44:58,23.3,24.4,20.1,94.4,28.4,61.4,0
8,2022-05-11 00:44:58,23.4,24.6,19.7,93.1,28.6,58.9,0
9,2022-05-11 01:02:23,23.2,24.8,19.4,90.9,28.5,58.0,0
10,2022-05-11 01:02:23,22.5,24.9,19.3,87.6,28.7,57.3,0
11,2022-05-11 01:02:23,22.4,25.1,19.4,85.3,28.5,57.9,0
12,2022-05-11 01:16:36,22.0,25.1,18.9,83.5,28.6,56.3,0
13,2022-05-11 01:16:36,21.8,25.2,18.7,82.2,28.4,56.2,0
14,2022-05-11 01:16:36,21.4,25.2,18.7,80.6,28.7,54.7,0
15,2022-05-11 01:33:25,21.3,25.3,18.2,79.5,28.5,54.6,0
16,2022-05-11 01:33:25,21.1,25.3,18.2,78.0,28.8,53.2,0
17,2022-05-11 01:33:25,20.8,25.4,18.0,76.2,28.6,53.5,0
18,2022-05-11 01:50:49,20.6,25.4,18.4,75.5,28.7,54.1,0
19,2022-05-11 01:50:49,16.8,21.3,18.1,76.5,27.5,57.4,1
20,2022-05-11 01:50:49,13.2,14.9,16.0,90.2,25.2,56.7,1
21,2022-05-11 02:05:38,12.5,13.6,14.7,93.1,23.2,58.9,1
22,2022-05-11 02:05:38,12.1,13.2,14.3,93.6,22.5,60.3,1
23,2022-05-11 02:05:38,13.2,14.2,14.8,94.3,22.0,63.9,1
24,2022-05-11 02:23:23,13.4,14.4,14.4,94.6,21.6,64.5,1
25,2022-05-11 02:23:23,13.4,14.2,14.7,94.8,21.6,65.1,1
26,2022-05-11 02:23:23,12.2,13.0,15.0,94.8,21.7,65.7,1
27,2022-05-11 02:57:06,12.3,13.1,14.7,94.9,21.6,64.7,1
28,2022-05-11 02:57:06,12.3,13.1,14.8,95.0,21.7,65.2,1
29,2022-05-11 02:57:06,12.7,13.5,15.1,95.1,22.0,64.9,1
30,2022-05-11 03:11:00,12.6,13.4,14.8,95.1,22.0,64.4,1
31,2022-05-11 03:11:00,13.2,14.0,14.9,95.3,22.1,63.8,1
32,2022-05-11 03:11:00,13.2,14.0,15.1,95.3,22.3,64.6,1
33,2022-05-11 03:27:13,13.5,14.3,15.6,95.3,22.3,66.1,1
34,2022-05-11 03:27:13,13.2,14.0,15.2,95.3,22.4,64.1,1
35,2022-05-11 03:43:43,13.6,14.4,15.2,95.4,22.4,64.2,1
36,2022-05-11 03:43:43,13.3,14.1,15.6,95.3,22.3,65.7,1
37,2022-05-11 03:43:43,12.5,13.3,14.8,95.1,22.0,63.9,1
38,2022-05-11 04:00:46,12.7,13.5,14.8,95.3,22.0,64.4,1
39,2022-05-11 04:00:46,16.4,17.2,17.6,95.4,22.8,73.2,1
40,2022-05-11 04:00:46,14.3,15.1,16.0,95.3,22.5,66.7,1
41,2022-05-11 04:18:11,12.8,13.6,15.1,95.0,22.3,64.4,1
42,2022-05-11 04:18:11,12.5,13.5,20.1,94.5,29.6,57.6,0
43,2022-05-11 04:18:11,12.4,14.0,16.1,90.5,30.1,43.3,1
44,2022-05-11 04:35:44,12.7,13.5,14.7,95.0,22.4,62.2,1
45,2022-05-11 04:35:44,15.7,16.5,19.7,95.3,31.8,48.7,0
46,2022-05-11 04:35:44,18.4,19.3,20.1,94.9,35.0,42.0,0
47,2022-05-11 04:51:02,19.4,21.0,19.9,91.2,35.7,40.6,0
48,2022-05-11 04:51:02,20.3,22.4,20.6,88.0,36.0,41.6,0
49,2022-05-11 04:51:02,21.1,23.4,21.8,87.0,35.7,45.6,0
50,2022-05-11 05:08:03,21.9,24.3,22.5,87.1,35.2,48.4,0
51,2022-05-11 05:08:03,22.5,25.1,22.9,86.0,34.6,50.8,0
52,2022-05-11 05:08:03,22.8,25.8,22.4,83.7,34.0,51.4,0
53,2022-05-11 05:24:15,22.8,26.4,22.5,81.2,33.8,52.1,0
54,2022-05-11 05:24:15,22.8,26.8,22.6,79.1,33.3,53.7,0
55,2022-05-11 05:24:15,22.8,27.0,22.4,78.1,33.0,54.3,0
56,2022-05-11 05:41:42,22.5,27.2,22.4,75.7,32.4,55.9,0
57,2022-05-11 05:41:42,22.3,27.4,22.1,74.5,32.4,55.3,0
58,2022-05-11 05:41:42,22.1,27.4,21.7,73.1,32.0,55.3,0
59,2022-05-11 05:59:47,21.9,27.5,21.7,72.1,31.9,54.9,0
60,2022-05-11 05:59:47,21.6,27.4,21.4,71.0,31.3,56.2,0
61,2022-05-11 05:59:47,21.4,27.4,21.2,70.3,30.8,57.3,0
62,2022-05-11 06:14:26,21.0,27.3,20.7,69.2,30.6,55.7,0
63,2022-05-11 06:14:26,20.5,27.2,20.8,67.5,29.8,59.0,0
64,2022-05-11 06:14:26,20.9,27.1,20.7,69.4,30.9,54.8,0
65,2022-05-11 06:30:18,20.6,27.1,20.7,67.8,30.2,57.0,0
66,2022-05-11 06:30:18,20.7,26.9,20.4,68.9,30.2,55.9,0
0,2022-05-12 00:03:33,21.5,26.6,22.2,74.4,29.8,64.0,0
1,2022-05-12 00:03:33,21.6,26.5,22.3,75.3,29.4,66.3,0
2,2022-05-12 00:20:59,21.9,26.5,22.4,75.7,29.0,67.9,0
3,2022-05-12 00:20:59,21.9,26.5,22.4,75.7,29.0,68.3,0
4,2022-05-12 00:35:34,21.9,26.5,22.5,75.9,28.8,69.0,0
5,2022-05-12 00:35:34,21.9,26.5,22.3,75.8,28.4,70.0,0
6,2022-05-12 00:51:25,21.5,26.4,22.3,75.4,28.4,70.1,0
7,2022-05-12 00:51:25,21.5,26.4,22.3,75.3,28.4,69.7,0
8,2022-05-12 01:08:36,21.5,26.4,22.1,74.9,28.2,70.0,0
9,2022-05-12 01:08:36,21.3,26.4,22.0,74.5,28.1,70.2,0
10,2022-05-12 01:25:16,21.3,26.4,22.0,74.5,28.3,69.2,0
11,2022-05-12 01:25:16,21.2,26.3,21.9,74.5,28.0,70.1,0
12,2022-05-12 01:40:25,21.2,26.3,21.9,74.2,28.0,70.4,0
13,2022-05-12 01:40:25,21.2,26.3,21.9,74.3,27.9,69.9,0
14,2022-05-12 01:56:50,21.1,26.2,21.9,74.4,27.7,70.9,0
15,2022-05-12 01:56:50,21.1,26.2,21.8,74.6,27.8,70.4,0
16,2022-05-12 02:11:24,21.3,26.1,21.7,74.7,27.5,71.2,0
17,2022-05-12 02:11:24,21.0,26.1,21.7,74.6,27.5,71.2,0
18,2022-05-12 02:26:26,21.3,26.1,21.7,74.7,27.7,70.6,0
19,2022-05-12 02:26:26,21.5,26.6,21.7,74.0,26.6,74.9,1
20,2022-05-12 02:42:41,18.2,20.7,20.7,86.4,27.4,67.0,1
21,2022-05-12 02:42:41,13.3,14.8,16.9,91.4,24.7,61.8,1
22,2022-05-12 02:57:54,12.7,13.7,15.1,93.8,22.6,63.3,1
23,2022-05-12 02:57:54,12.0,13.0,15.1,94.0,22.0,64.8,1
24,2022-05-12 03:12:03,11.7,12.7,14.2,94.3,21.6,63.0,1
25,2022-05-12 03:12:03,11.6,12.6,14.1,94.5,21.2,63.8,1
26,2022-05-12 03:28:28,11.6,12.6,13.8,94.6,21.4,62.1,1
27,2022-05-12 03:28:28,11.4,12.4,13.8,94.6,21.7,60.8,1
28,2022-05-12 03:43:14,11.5,12.5,13.8,94.6,21.7,61.5,1
29,2022-05-12 03:43:14,11.4,12.4,13.4,94.6,21.6,60.6,1
30,2022-05-12 03:59:06,11.7,12.5,13.6,94.7,21.0,63.4,1
31,2022-05-12 03:59:06,11.6,12.4,13.7,94.7,21.1,63.5,1
32,2022-05-12 04:14:22,12.5,13.3,14.4,94.9,21.3,64.7,1
33,2022-05-12 04:14:22,12.9,13.7,18.4,95.0,25.8,64.0,0
34,2022-05-12 04:30:55,14.0,15.0,17.6,94.1,28.8,50.9,1
35,2022-05-12 04:30:55,12.0,13.0,14.6,94.4,22.9,60.3,1
36,2022-05-12 04:50:35,15.5,16.3,16.7,95.0,23.2,67.2,1
37,2022-05-12 04:50:35,12.7,13.7,14.9,94.6,22.9,61.2,1
38,2022-05-12 05:04:26,13.0,13.8,14.9,94.7,22.1,64.2,1
39,2022-05-12 05:04:26,12.9,13.7,14.8,95.0,21.7,64.7,1
40,2022-05-12 05:21:46,13.2,14.0,15.1,95.0,21.6,66.8,1
41,2022-05-12 05:21:46,12.5,13.3,14.8,94.9,21.7,65.0,1
42,2022-05-12 05:38:38,12.9,13.7,14.7,95.1,21.6,65.0,1
43,2022-05-12 05:38:38,14.0,14.8,15.5,95.2,21.7,67.8,1
44,2022-05-12 05:54:17,13.0,13.8,15.2,95.1,21.9,66.3,1
45,2022-05-12 05:54:17,13.9,14.7,16.0,95.2,22.2,68.4,1
46,2022-05-12 06:10:22,14.9,15.7,16.0,95.4,22.0,69.5,1
47,2022-05-12 06:10:22,18.4,19.3,19.4,95.2,23.3,79.4,1
48,2022-05-12 06:26:22,14.1,14.9,16.8,95.0,23.1,68.2,1
49,2022-05-12 06:26:22,12.8,13.6,15.8,95.1,22.0,68.4,1
50,2022-05-12 06:41:38,12.5,13.3,15.4,95.3,21.6,68.0,1
51,2022-05-12 06:41:38,12.7,13.5,15.3,95.5,21.3,69.5,1
52,2022-05-12 06:56:28,12.5,13.3,15.2,95.5,21.2,69.4,1
53,2022-05-12 06:56:28,12.9,13.7,15.0,95.6,21.0,69.0,1
54,2022-05-12 07:13:03,13.4,14.2,14.9,95.6,21.1,68.4,1
55,2022-05-12 07:13:03,12.8,13.6,14.8,95.6,21.0,68.1,1
56,2022-05-12 07:30:29,13.5,14.3,14.6,95.6,20.8,67.9,1
57,2022-05-12 07:30:29,12.4,13.2,14.8,95.6,20.8,69.2,1
58,2022-05-12 07:44:36,13.1,13.9,14.8,95.6,20.7,69.4,1
59,2022-05-12 07:44:36,12.5,13.1,14.7,95.7,20.6,69.1,1
60,2022-05-12 08:00:15,12.8,13.6,14.9,95.6,20.6,70.0,1
61,2022-05-12 08:00:15,12.3,12.9,14.9,95.7,20.6,70.3,1
62,2022-05-12 08:17:15,13.0,13.7,14.4,95.7,20.3,69.0,1
63,2022-05-12 08:17:15,13.2,13.9,14.6,95.7,20.3,70.5,1
64,2022-05-12 08:34:16,12.0,12.6,14.3,95.7,20.2,68.8,1
65,2022-05-12 08:34:16,12.4,13.0,14.7,95.7,20.2,70.8,1
66,2022-05-12 08:50:27,15.3,16.0,16.3,95.7,20.7,76.2,1
67,2022-05-12 08:50:27,17.2,18.1,18.4,95.4,22.1,80.2,0
0,2022-05-13 00:15:38,19.4,20.3,21.5,95.2,26.1,76.2,0
1,2022-05-13 00:34:32,20.3,21.2,21.7,95.0,26.8,73.8,0
2,2022-05-13 00:51:08,20.8,21.9,21.7,94.4,27.3,72.3,0
3,2022-05-13 01:06:43,21.8,22.9,21.8,94.2,27.6,71.0,0
4,2022-05-13 01:21:48,22.2,23.3,21.9,94.2,27.7,70.8,0
5,2022-05-13 01:37:19,22.5,23.6,21.8,94.2,27.8,70.0,0
6,2022-05-13 01:52:57,22.7,23.8,21.7,94.0,27.7,70.4,0
7,2022-05-13 02:09:09,22.8,24.0,21.9,93.4,27.9,70.0,0
8,2022-05-13 02:26:31,22.8,24.2,21.9,91.9,27.9,70.6,0
9,2022-05-13 02:41:43,22.6,24.4,22.2,90.0,28.0,70.9,0
10,2022-05-13 03:01:57,22.4,24.6,22.2,88.4,27.8,71.7,0
11,2022-05-13 03:16:36,22.3,24.7,22.1,87.2,27.9,71.3,0
12,2022-05-13 03:32:52,22.2,24.8,22.1,86.1,27.7,71.8,0
13,2022-05-13 03:49:46,22.2,24.9,22.0,85.2,27.8,71.1,0
14,2022-05-13 04:06:52,22.0,25.0,21.8,84.1,27.6,71.5,0
15,2022-05-13 04:23:22,21.9,25.0,21.8,83.3,27.6,71.0,0
16,2022-05-13 04:39:27,21.7,25.0,21.9,82.6,27.5,71.9,0
17,2022-05-13 04:55:04,21.8,25.1,21.9,82.0,27.5,71.9,0
18,2022-05-13 05:12:47,21.6,25.1,22.1,81.3,27.7,71.8,0
19,2022-05-13 05:28:17,21.9,23.5,22.2,91.4,26.0,79.9,1
20,2022-05-13 05:41:51,20.1,21.7,21.0,91.6,25.6,76.5,1
21,2022-05-13 05:59:21,13.0,14.3,15.7,92.6,23.5,61.8,1
22,2022-05-13 06:17:57,15.1,16.3,18.6,93.5,27.1,60.6,0
23,2022-05-13 06:33:10,18.2,19.2,18.9,93.7,28.9,54.7,0
24,2022-05-13 06:52:25,19.9,21.1,19.1,93.2,29.8,53.6,0
25,2022-05-13 07:09:40,20.4,22.7,19.5,86.9,30.9,51.1,0
26,2022-05-13 07:30:33,19.9,24.0,19.7,78.1,31.1,51.6,0
27,2022-05-13 07:45:36,18.7,25.1,19.2,68.4,31.3,49.6,0
28,2022-05-13 08:05:21,18.7,25.8,19.2,64.9,32.0,47.5,0
29,2022-05-13 08:22:43,18.4,26.3,19.9,62.6,33.5,45.2,0
30,2022-05-13 08:36:38,18.5,27.0,20.0,60.0,33.7,45.6,0
31,2022-05-13 08:51:02,18.6,27.4,20.2,59.0,34.3,44.1,0
32,2022-05-13 09:06:17,18.4,27.8,20.3,57.3,34.8,43.0,0
33,2022-05-13 09:21:47,18.3,28.3,20.0,54.8,35.8,40.0,0
34,2022-05-13 09:36:39,18.4,28.7,19.9,53.9,36.1,39.2,0
35,2022-05-13 09:53:14,18.1,29.0,19.9,52.2,36.6,37.8,0
36,2022-05-13 10:17:06,17.8,29.4,20.0,50.1,37.2,37.1,0
37,2022-05-13 10:33:36,18.4,30.0,20.5,50.1,37.8,36.8,0
38,2022-05-13 11:01:36,18.0,30.3,20.5,48.5,37.8,36.9,0
39,2022-05-13 11:21:02,18.2,30.5,20.3,48.3,37.5,37.3,0
40,2022-05-13 11:37:10,18.8,30.5,20.4,50.2,37.2,38.2,0
41,2022-05-13 11:51:22,19.2,30.6,21.7,51.1,36.8,42.1,0
42,2022-05-13 12:06:26,20.9,29.9,20.3,59.3,38.1,36.5,0
43,2022-05-13 12:21:14,18.5,30.5,20.4,49.0,37.2,38.5,0
44,2022-05-13 12:36:13,11.0,13.1,14.1,87.4,26.0,48.6,0
45,2022-05-13 12:53:23,11.9,13.4,14.1,91.6,22.9,57.8,0
46,2022-05-13 13:12:14,12.1,13.2,14.3,92.7,22.0,62.5,0
47,2022-05-13 13:28:59,12.2,13.3,14.2,93.0,22.1,61.4,0
48,2022-05-13 13:46:16,12.7,13.8,14.5,93.4,22.2,61.8,0
49,2022-05-13 14:01:36,12.5,13.6,14.4,93.5,21.6,64.6,0
50,2022-05-13 14:22:01,11.5,12.6,14.3,93.6,21.5,63.8,0
51,2022-05-13 14:38:48,12.4,13.4,14.6,93.8,21.5,65.5,0
52,2022-05-13 14:58:27,12.4,13.4,14.3,94.0,21.2,65.0,0
53,2022-05-13 15:14:52,12.1,13.1,14.3,94.1,21.0,65.9,0
54,2022-05-13 15:36:05,11.9,12.9,14.1,94.2,21.0,65.4,0
55,2022-05-13 15:52:17,12.9,13.9,14.2,94.3,20.9,65.7,0
56,2022-05-13 16:06:40,11.4,12.4,13.9,94.3,20.8,65.5,0
57,2022-05-13 16:21:28,12.3,13.3,13.8,94.4,20.7,65.3,0
58,2022-05-13 16:36:14,12.4,13.4,14.3,94.5,20.7,66.9,0
59,2022-05-13 17:08:59,11.6,12.6,14.3,94.5,20.7,67.5,0
60,2022-05-13 17:25:32,12.3,13.3,14.1,94.6,20.7,66.3,0
61,2022-05-13 17:42:18,11.3,12.3,14.2,94.6,20.6,67.2,0
62,2022-05-13 18:01:52,12.3,13.1,14.2,94.7,20.6,66.8,0
63,2022-05-13 18:18:27,11.7,12.5,14.3,94.7,20.5,67.8,0
64,2022-05-13 18:37:15,14.1,14.9,15.5,94.7,20.8,72.0,0
65,2022-05-13 18:55:08,16.7,17.7,17.7,94.4,22.0,77.1,0
66,2022-05-13 19:13:46,18.5,19.5,19.2,94.2,22.9,80.3,0
0,2022-05-14 00:10:52,20.0,21.1,20.5,94.1,25.8,73.3,0
1,2022-05-14 00:10:52,21.1,22.2,20.9,94.0,26.6,70.8,0
2,2022-05-14 00:31:34,21.7,22.8,20.9,94.1,27.1,68.9,0
3,2022-05-14 00:31:34,22.1,23.2,20.9,94.1,27.1,69.1,0
4,2022-05-14 00:51:57,22.4,23.5,21.2,93.9,27.2,70.0,0
5,2022-05-14 00:51:57,22.4,23.8,21.3,92.2,27.1,71.5,0
6,2022-05-14 01:16:22,22.2,24.0,21.6,89.8,27.2,71.7,0
7,2022-05-14 01:16:22,21.9,24.2,21.5,87.6,27.0,72.3,0
8,2022-05-14 01:41:55,21.8,24.4,21.6,86.1,27.1,72.3,0
9,2022-05-14 01:41:55,21.8,24.5,21.6,85.0,26.9,73.0,0
10,2022-05-14 02:06:39,21.6,24.5,21.7,84.0,27.0,72.7,0
11,2022-05-14 02:06:39,21.5,24.6,21.5,82.7,26.8,73.3,0
12,2022-05-14 02:31:21,21.2,24.7,21.6,81.6,26.9,72.9,0
13,2022-05-14 02:31:21,21.2,24.7,21.6,80.8,26.9,72.8,0
14,2022-05-14 02:46:11,21.1,24.8,21.5,80.0,26.8,73.1,0
15,2022-05-14 02:46:11,20.9,24.8,21.5,79.3,26.8,73.2,0
16,2022-05-14 03:01:30,20.9,24.8,21.6,78.7,26.7,73.9,0
17,2022-05-14 03:01:30,20.6,24.8,21.6,78.2,26.7,73.7,0
18,2022-05-14 03:18:12,20.6,24.8,21.6,77.8,26.9,73.4,0
19,2022-05-14 03:18:12,20.4,24.8,21.6,77.5,26.9,73.3,0
20,2022-05-14 03:32:32,20.5,24.9,21.6,77.3,27.2,72.4,0
21,2022-05-14 03:32:32,20.6,25.0,21.6,77.0,27.6,70.6,0
22,2022-05-14 03:47:23,20.5,25.1,21.8,76.6,28.3,68.3,0
23,2022-05-14 03:47:23,20.6,25.2,21.9,76.2,29.0,66.3,0
24,2022-05-14 04:07:09,20.8,25.4,22.2,76.1,29.8,64.3,0
25,2022-05-14 04:07:09,21.0,25.6,22.0,75.9,30.2,62.3,0
26,2022-05-14 04:23:19,20.9,25.7,21.9,75.0,30.3,60.7,0
27,2022-05-14 04:23:19,20.8,25.8,21.4,74.0,30.7,58.4,0
28,2022-05-14 04:43:37,20.7,26.0,20.8,73.4,31.6,53.1,0
29,2022-05-14 04:43:37,20.6,26.3,20.9,71.0,32.4,51.4,0
30,2022-05-14 05:00:12,20.5,26.5,20.8,70.4,33.4,48.3,0
31,2022-05-14 05:00:12,20.3,26.8,20.3,68.1,34.4,44.4,0
32,2022-05-14 05:20:55,20.3,27.0,20.2,66.9,34.3,44.5,0
33,2022-05-14 05:20:55,20.4,27.1,20.1,66.7,34.6,43.3,0
34,2022-05-14 05:35:10,20.4,27.4,20.4,65.9,35.4,42.4,0
35,2022-05-14 05:35:10,20.5,27.7,20.9,65.2,36.4,40.8,0
36,2022-05-14 05:52:09,20.7,28.0,21.0,64.9,37.4,39.3,0
37,2022-05-14 05:52:09,20.9,28.4,21.3,64.4,38.2,38.4,0
38,2022-05-14 06:07:22,21.0,28.8,21.8,63.0,38.7,38.5,0
39,2022-05-14 06:07:22,21.2,29.0,22.2,62.7,39.2,37.8,0
40,2022-05-14 06:23:31,21.2,29.3,21.7,62.2,39.6,35.8,0
41,2022-05-14 06:23:31,21.4,29.5,21.6,62.1,40.0,35.4,0
42,2022-05-14 06:37:54,20.4,29.9,21.9,57.1,39.9,36.5,0
43,2022-05-14 06:37:54,20.1,28.4,20.4,61.4,29.6,57.8,0
44,2022-05-14 06:54:03,19.4,29.2,19.5,56.2,29.6,55.2,0
45,2022-05-14 06:54:03,18.5,29.1,18.5,52.8,29.8,51.2,0
46,2022-05-14 07:08:32,16.5,28.7,16.7,48.1,29.6,45.7,0
47,2022-05-14 07:08:32,15.8,28.3,15.7,46.7,29.3,44.1,0
48,2022-05-14 07:23:17,16.8,30.1,17.4,45.6,33.3,38.7,0
49,2022-05-14 07:23:17,17.1,30.9,17.9,44.2,34.8,36.9,0
50,2022-05-14 07:38:11,17.5,31.3,18.0,44.1,35.4,36.3,0
51,2022-05-14 07:38:11,17.8,31.6,18.1,43.8,35.5,36.1,0
52,2022-05-14 07:54:39,17.6,31.8,17.9,43.3,35.3,36.2,0
53,2022-05-14 07:54:39,17.7,31.9,17.5,42.8,34.9,36.6,0
54,2022-05-14 08:12:00,17.3,31.9,17.8,42.5,34.2,38.0,0
55,2022-05-14 08:12:00,17.9,31.8,18.9,44.2,32.8,44.2,0
56,2022-05-14 08:31:21,18.3,31.8,19.0,45.4,32.2,46.6,0
57,2022-05-14 08:31:21,18.6,31.7,19.4,46.2,31.8,48.3,0
58,2022-05-14 08:47:05,18.8,31.6,19.6,46.9,31.4,49.7,0
59,2022-05-14 08:47:05,19.2,31.6,19.6,47.7,31.0,50.9,0
60,2022-05-14 09:01:02,19.1,31.5,19.6,48.5,30.7,52.3,0
61,2022-05-14 09:01:02,19.2,31.3,19.7,49.1,30.4,53.6,0
62,2022-05-14 09:19:57,19.5,31.2,20.1,49.9,30.2,54.8,0
63,2022-05-14 09:19:57,19.4,31.1,19.9,50.5,30.0,55.6,0
64,2022-05-14 09:36:05,19.6,31.0,20.0,51.1,29.8,56.6,0
65,2022-05-14 09:36:05,19.5,30.9,20.1,51.6,29.6,57.4,0
0,2022-05-15 07:41:11,19.7,30.8,20.5,52.2,29.4,58.7,0
1,2022-05-15 07:41:11,19.9,30.7,20.6,53.0,29.2,60.0,0
2,2022-05-15 07:56:53,20.1,30.5,20.5,54.2,28.9,61.2,0
3,2022-05-15 07:56:53,20.0,30.4,20.4,54.4,28.8,61.5,0
4,2022-05-15 08:12:16,20.2,30.3,20.5,54.8,28.6,62.0,0
5,2022-05-15 08:12:16,20.1,30.2,20.4,55.2,28.4,62.4,0
6,2022-05-15 08:27:27,19.9,30.0,20.5,55.6,28.3,62.7,0
7,2022-05-15 08:27:27,20.1,29.9,20.3,55.9,28.1,63.0,0
8,2022-05-15 08:42:47,20.0,29.8,20.2,56.4,28.0,63.2,0
9,2022-05-15 08:42:47,20.2,29.7,20.5,56.9,28.0,64.0,0
10,2022-05-15 08:58:51,20.1,29.6,20.6,57.5,27.9,64.7,0
11,2022-05-15 08:58:51,20.2,29.4,20.5,58.0,27.8,65.2,0
12,2022-05-15 09:19:24,20.1,29.3,20.7,58.6,27.7,65.7,0
13,2022-05-15 09:19:24,20.3,29.2,20.6,59.2,27.6,66.0,0
14,2022-05-15 09:36:12,20.5,29.1,20.5,59.7,27.5,66.4,0
15,2022-05-15 09:36:12,20.4,29.0,20.5,60.2,27.5,66.6,0
16,2022-05-15 09:55:45,20.3,28.9,20.4,60.5,27.4,66.3,0
17,2022-05-15 09:55:45,20.4,28.8,20.2,60.7,27.2,66.5,0
18,2022-05-15 10:11:21,20.4,28.7,20.4,61.1,27.1,67.0,0
19,2022-05-15 10:11:21,19.1,25.8,20.1,67.1,26.6,68.1,0
20,2022-05-15 10:25:15,12.0,13.6,15.1,90.6,23.7,59.6,0
21,2022-05-15 10:25:15,12.1,13.4,14.9,92.4,22.1,63.9,0
22,2022-05-15 10:41:38,12.1,13.2,14.4,92.9,21.6,64.5,0
23,2022-05-15 10:41:38,11.6,12.7,14.5,93.0,21.9,63.4,0
24,2022-05-15 10:56:37,12.4,13.5,14.7,93.4,21.6,64.7,0
25,2022-05-15 10:56:37,12.2,13.3,14.3,93.5,22.0,62.6,0
26,2022-05-15 11:30:27,12.4,13.5,14.7,93.6,21.9,63.9,0
27,2022-05-15 11:30:27,11.7,12.8,14.8,93.6,21.5,66.1,0
28,2022-05-15 11:46:00,12.1,13.1,14.7,93.7,21.4,65.8,0
29,2022-05-15 11:46:00,11.6,12.6,14.6,93.7,21.5,65.3,0
30,2022-05-15 12:01:27,11.6,12.6,14.3,93.8,21.5,63.8,0
31,2022-05-15 12:01:27,13.5,14.5,15.3,93.9,22.3,65.5,0
32,2022-05-15 12:18:14,12.7,13.8,14.9,93.6,22.3,63.0,0
33,2022-05-15 12:18:14,15.1,16.3,16.8,93.4,29.8,46.5,0
34,2022-05-15 12:33:12,14.3,15.5,15.7,93.5,22.9,64.2,0
35,2022-05-15 12:33:12,14.1,15.3,15.3,93.6,22.5,64.0,0
36,2022-05-15 12:48:00,13.2,14.3,15.6,93.1,22.6,65.5,0
37,2022-05-15 12:48:00,13.3,14.4,15.1,93.1,22.6,63.4,0
38,2022-05-15 13:04:33,14.2,15.4,15.3,93.5,22.8,63.4,0
39,2022-05-15 13:04:33,13.8,14.9,15.8,93.3,22.8,65.2,0
40,2022-05-15 13:21:37,13.2,14.3,15.1,92.8,22.8,62.1,0
41,2022-05-15 13:21:37,12.7,14.0,15.2,92.1,22.9,61.8,0
42,2022-05-15 13:41:45,12.3,13.6,14.8,92.3,22.8,61.6,0
43,2022-05-15 13:41:45,14.7,16.0,16.9,91.8,30.2,45.2,0
44,2022-05-15 13:57:48,13.8,14.9,15.9,93.1,23.1,63.8,0
45,2022-05-15 13:57:48,14.0,15.0,16.7,93.7,23.0,68.0,0
46,2022-05-15 14:29:27,13.2,14.2,16.9,94.1,22.7,69.8,0
47,2022-05-15 14:29:27,15.3,16.3,16.8,94.4,22.4,71.1,0
48,2022-05-15 14:44:37,14.7,15.7,17.2,94.5,22.3,72.7,0
49,2022-05-15 14:44:37,15.6,16.6,16.2,94.6,22.0,69.8,0
50,2022-05-15 15:00:08,14.4,15.4,15.8,94.6,22.0,67.8,0
51,2022-05-15 15:00:08,13.3,14.1,16.2,94.7,21.5,72.0,0
52,2022-05-15 15:16:24,12.9,13.7,15.5,94.7,21.5,69.1,0
53,2022-05-15 15:16:24,14.8,15.6,15.1,94.7,21.6,67.5,0
54,2022-05-15 15:45:41,13.3,14.3,15.9,94.5,21.7,70.6,0
55,2022-05-15 15:45:41,14.6,15.6,15.6,94.5,21.6,68.8,0
56,2022-05-15 16:17:02,13.2,14.2,16.8,94.4,23.3,67.4,0
57,2022-05-15 16:17:02,14.8,15.8,15.5,94.4,22.7,64.4,0
58,2022-05-15 16:32:39,12.6,13.6,15.4,93.8,21.6,67.8,0
59,2022-05-15 16:32:39,13.6,14.6,14.8,94.2,21.5,66.3,0
60,2022-05-15 16:49:23,13.1,14.1,16.1,94.4,21.4,72.4,0
61,2022-05-15 16:49:23,14.5,15.3,15.1,94.7,21.3,67.9,0
62,2022-05-15 17:03:51,13.5,14.3,14.7,94.7,21.1,67.5,0
63,2022-05-15 17:03:51,14.6,15.4,15.0,94.8,21.0,69.3,0
64,2022-05-15 17:20:02,13.7,14.5,14.8,94.8,21.0,67.7,0
65,2022-05-15 17:20:02,12.5,13.3,15.3,94.7,21.0,70.2,0
66,2022-05-15 17:35:58,13.5,14.3,15.2,94.9,20.9,69.9,0
